Arena-Fanatic=./src/main/resources/images/cards/big-gray/Arena Fanatic.png
Arena-Patron=./src/main/resources/images/cards/big-gray/Arena Patron.png
Baron-Geddon=./src/main/resources/images/cards/big-gray/Baron Geddon.png
Batterhead=./src/main/resources/images/cards/big-gray/Batterhead.png
Big-Game-Hunter=./src/main/resources/images/cards/big-gray/Big Game Hunter.png
Crazed-Chemist=./src/main/resources/images/cards/big-gray/Crazed Chemist.png
Deadly-Shot=./src/main/resources/images/cards/big-gray/Deadly Shot.png
Dreadscale=./src/main/resources/images/cards/big-gray/Dreadscale.png
Friendly-Smith=./src/main/resources/images/cards/big-gray/Friendly Smith.png
Gift-of-the-Wild=./src/main/resources/images/cards/big-gray/Gift of the Wild.png
Khartut-Defender=./src/main/resources/images/cards/big-gray/Khartut Defender.png
Kobold-Sandtrooper=./src/main/resources/images/cards/big-gray/Kobold Sandtrooper.png
Living-Monument=./src/main/resources/images/cards/big-gray/Living Monument.png
Malygos=./src/main/resources/images/cards/big-gray/Malygos.png
Overflow=./src/main/resources/images/cards/big-gray/Overflow.png
polymorph=./src/main/resources/images/cards/big-gray/polymorph.png
Potion-Vendor=./src/main/resources/images/cards/big-gray/Potion Vendor.png
Preparation=./src/main/resources/images/cards/big-gray/Preparation.png
Pyroblast=./src/main/resources/images/cards/big-gray/Pyroblast.png
Questing-Adventurer=./src/main/resources/images/cards/big-gray/Questing Adventurer.png
Ratcatcher=./src/main/resources/images/cards/big-gray/Ratcatcher.png
Spirit-Bomb=./src/main/resources/images/cards/big-gray/Spirit Bomb.png
Starfall=./src/main/resources/images/cards/big-gray/Starfall.png
The-Boomship=./src/main/resources/images/cards/big-gray/The Boomship.png
Weaponized-Pinata=./src/main/resources/images/cards/big-gray/Weaponized Pinata.png
Wisp=./src/main/resources/images/cards/big-gray/Wisp.png
Young-Priestess=./src/main/resources/images/cards/big-gray/Young Priestess.png